Dog Name,Primary Breed,Approval Date,Dog Tag Number
Raya,Alaskan Husky,9/14/2022,35105
Otis,"Poodle, Standard",9/14/2022,35111
Archie,Chihuahua,9/14/2022,35108
Molly,"Retriever, Labrador",9/14/2022,35102
Appa,"Terrier, American Staffordshire",9/14/2022,35117
Penny,"Terrier, Pit Bull",9/15/2022,
Hazel,"Terrier, American Staffordshire",9/15/2022,25382
Sweetpea,"Schnauzer, Miniature",9/15/2022,28048
Ranger,Mix,9/19/2022,
Xena,"Mixed Breed, Large (over 44 lbs fully grown)",9/19/2022,
Sunny,"Mixed Breed, Large (over 44 lbs fully grown)",9/19/2022,
Piper,"Retriever, Labrador",9/19/2022,
Aspen,"Vizsla, Smooth Haired",9/19/2022,
Shai,Boerboel,9/21/2022,35128
Ernie,Beagle,9/21/2022,35127
Mojo,"Mixed Breed, Large (over 44 lbs fully grown)",9/21/2022,35131
Stella,Maltese,9/21/2022,35129
Frankie,Siberian Husky,9/21/2022,35130
Kilo,"Terrier, Pit Bull",9/21/2022,35126
Beaker,Beagle,9/21/2022,35125
Kora,German Shepherd,9/21/2022,35123
Hamilton,"Welsh Corgi, Cardigan",9/21/2022,
Max,"Terrier, West Highland White",9/22/2022,35145
Ringo,"Retriever, Golden",9/22/2022,35146
Luca Zane,"Chihuahua, Short Coat",9/22/2022,35148
Waffles,"Bulldog, French",9/22/2022,35141
Pretty,"Poodle, Miniature",9/22/2022,35142
Racer,Terrier,9/22/2022,35135
Tomago,"Terrier, American Staffordshire",9/22/2022,35140
Tig,Mix,9/22/2022,35136
Kenai,Bichon Frise,9/22/2022,35152
Kylo,"Terrier, American Staffordshire",9/22/2022,
Nic,"Mixed Breed, Large (over 44 lbs fully grown)",9/22/2022,35138
Carrot,"Foxhound, American",9/22/2022,35139
Midge,Pug,9/22/2022,35153
Juno,German Shepherd,9/22/2022,
Shea,Shetland Sheepdog,9/22/2022,35143
Poppy,"Mixed Breed, Medium (up to 44 lbs fully grown)",9/22/2022,35147
Nougat,Greyhound,9/22/2022,35137
Izzy,Pug,9/22/2022,35133
Astro,"Terrier, Soft Coated Wheaten",9/22/2022,35149
Nala,"Vizsla, Smooth Haired",9/22/2022,
Deli,Terrier,9/22/2022,35150
Beauty,Beagle,9/22/2022,35144
Callie,"Retriever, Labrador",9/22/2022,35124
Moose,Bernese Mountain Dog,9/23/2022,35154
Eggnog,"Bulldog, French",9/23/2022,35156
Chuck,"Terrier, American Pit Bull",9/23/2022,35155
Gus,Beagle,9/23/2022,35101
Ruby,"Retriever, Golden",9/23/2022,
Bruno,"Terrier, American Pit Bull",9/23/2022,35159
Tango,Australian Cattle Dog,9/23/2022,
Figo,"Retriever, Labrador",9/23/2022,35157
Maizie,"Mixed Breed, Small (under 24 lbs fully grown)",9/23/2022,
Bubbles,Olde English Bulldogge,9/23/2022,35158
Mango,"Mixed Breed, Large (over 44 lbs fully grown)",9/25/2022,
Oslo,"Dachshund, Standard Long Haired",9/26/2022,
Emma,"Mixed Breed, Small (under 24 lbs fully grown)",9/27/2022,
Judge,Mix,9/28/2022,35176
Chip,Terrier,9/28/2022,35167
Buddy,"Terrier, American Pit Bull",9/28/2022,35163
Rosie,"Retriever, Golden",9/28/2022,35172
Teddy,"Retriever, Golden",9/28/2022,35164
Maple,German Shepherd,9/28/2022,35174
Sonoma,Mix,9/28/2022,35170
Papo,"Terrier, Boston",9/28/2022,35165
Matteo (Tay),"Terrier, Pit Bull",9/28/2022,35175
Fetty Paw,Retriever,9/28/2022,
Elaea Atwal,"Mixed Breed, Large (over 44 lbs fully grown)",9/28/2022,35160
Martin,"Spaniel, Cavalier King Charles",9/28/2022,35171
Otis,"Retriever, Labrador",9/28/2022,35166
Calpurnia,Australian Cattle Dog,9/28/2022,35162
Sushi,"Poodle, Toy",9/28/2022,35173
Jelly Bean,"Mixed Breed, Small (under 24 lbs fully grown)",9/29/2022,
Biscuit,"Mixed Breed, Large (over 44 lbs fully grown)",9/30/2022,
Mack,Rhodesian Ridgeback,10/1/2022,
Apollo,Boxer,10/4/2022,
Citra,Hound,10/4/2022,
Bandit,Miniature Pinscher,10/4/2022,
Valkyrie,"Retriever, Labrador",10/5/2022,35189
Rex,"Retriever, Golden",10/5/2022,35190
Agent Fury,"Retriever, Labrador",10/5/2022,35191
Coco,Bernese Mountain Dog,10/5/2022,35182
Theo,Maremma Sheepdog,10/5/2022,35188
MJ,German Shepherd,10/5/2022,35195
Prilla,"Mixed Breed, Large (over 44 lbs fully grown)",10/5/2022,35169
Arthur,"Retriever, Golden",10/5/2022,35186
Sadie,"Cur, Mountain",10/5/2022,35194
Millie,"Poodle, Standard",10/5/2022,35183
Hoppy,"Mixed Breed, Medium (up to 44 lbs fully grown)",10/5/2022,35180
Wolfgang,"Chihuahua, Long Coat",10/5/2022,35197
Maverick,Mix,10/5/2022,35177
Aretha,Norwegian Elkhound,10/5/2022,35336
Daisy,Terrier,10/5/2022,
Jinx,Alaskan Husky,10/5/2022,35199
JoJo,"Dachshund, Standard Smooth Haired",10/5/2022,35196
Bucky,German Shepherd,10/5/2022,35200
Remington,"Welsh Corgi, Pembroke",10/5/2022,35178
Appa,Alaskan Malamute,10/5/2022,35181
Coco,Chihuahua,10/5/2022,35184
Leonidas,"Chihuahua, Short Coat",10/5/2022,35198
Roscoe,"Retriever, Labrador",10/5/2022,35187
Daizy,"Terrier, Irish",10/5/2022,35192
Ash Toon,Australian Cattle Dog,10/5/2022,35179
Eklutna,Border Collie,10/5/2022,35168
Sugar,,10/5/2022,35193
Gibson,,10/5/2022,35185
Sally,"Mixed Breed, Medium (up to 44 lbs fully grown)",10/6/2022,35500
Goose,"Retriever, Golden",10/6/2022,35499
Gizmo,German Shepherd,10/7/2022,35498
Paco,Chihuahua,10/7/2022,35497
Mickey,"Terrier, Sealyham",10/7/2022,35496
Piper,German Shepherd,10/8/2022,35495
Autumn,Plott Hound,10/11/2022,
Chummy Gray,"Poodle, Miniature",10/11/2022,
Baxter,"Vizsla, Smooth Haired",10/11/2022,
Penny,"Retriever, Labrador",10/13/2022,
Apollo,Pug,10/13/2022,
Dextrose,"Retriever, Golden",10/13/2022,29141
Carly,"Retriever, Flat-Coated",10/13/2022,
Nigel,"Bulldog, English",10/14/2022,35490
Rocky,Beagle,10/14/2022,35488
Peppa,"Bulldog, English",10/14/2022,35480
Freya,German Shepherd,10/14/2022,35483
Taffy,"Retriever, Labrador",10/14/2022,35482
Calypso,Portuguese Water Dog,10/14/2022,
Jasmine,Siberian Husky,10/14/2022,35484
Chispita,Chihuahua,10/14/2022,35477
Dottie,Australian Cattle Dog,10/14/2022,35474
Sky,Pomeranian,10/14/2022,35491
Del,Beagle,10/14/2022,35489
Roman,"Retriever, Labrador",10/14/2022,35473
Sven,"Poodle, Standard",10/14/2022,35476
Zowiebowie née Peter,Retriever,10/14/2022,35478
Walle,"Retriever, Golden",10/14/2022,35492
Bixby,Old English Sheepdog,10/14/2022,35481
Aya,Chihuahua,10/14/2022,35472
Cricket,Beagle,10/14/2022,35487
Breezy Blyden Canton,"Terrier, Jack Russell",10/14/2022,35479
Nuno Gorelik,Portuguese Podengo,10/14/2022,35485
Wally,"Terrier, Jack Russell",10/14/2022,35475
PIPO,Terrier,10/14/2022,35486
Zip,Border Collie,10/14/2022,29224
Bruce Lee,"Mixed Breed, Large (over 44 lbs fully grown)",10/16/2022,
Remy,"Mixed Breed, Medium (up to 44 lbs fully grown)",10/17/2022,
Murphy,"Retriever, Labrador",10/17/2022,
Maddie,Boxer,10/17/2022,
Axel,German Shepherd,10/17/2022,
Diamond garner,"Bulldog, American",10/17/2022,
Annie,"Mixed Breed, Large (over 44 lbs fully grown)",10/19/2022,
Frankie,"Mixed Breed, Large (over 44 lbs fully grown)",10/19/2022,
Sophie,"Setter, English",10/19/2022,
Shelby,Shepherd,10/20/2022,35458
JAX,"Bulldog, French",10/20/2022,35463
Kona Bean,"Retriever, Labrador",10/20/2022,35467
Remington,"Retriever, Golden",10/20/2022,35451
Maya,"Mixed Breed, Large (over 44 lbs fully grown)",10/20/2022,35453
Scout,"Retriever, Labrador",10/20/2022,35459
Rockford,"Poodle, Miniature",10/20/2022,35449
Halloumi,"Welsh Corgi, Pembroke",10/20/2022,35466
Zuko,"Welsh Corgi, Pembroke",10/20/2022,33500
Travieso,"Retriever, Labrador",10/20/2022,35452
Elsa,Australian Cattle Dog,10/20/2022,35471
Angelica,"Poodle, Miniature",10/20/2022,35469
Maddie,"Coonhound, Redbone",10/20/2022,35450
Zeke,"Retriever, Labrador",10/20/2022,
Bagel,"Coonhound, Bluetick",10/20/2022,35470
Bowie,Havanese,10/20/2022,35457
Izzy,"Retriever, Golden",10/20/2022,35454
Cypher,"Poodle, Toy",10/20/2022,35464
Paco,Pointer,10/20/2022,35456
Shepherd,Great Dane,10/20/2022,35468
Rainy,"Mixed Breed, Large (over 44 lbs fully grown)",10/20/2022,35462
Ralph,"Retriever, Labrador",10/20/2022,35460
Ruprecht,"Poodle, Miniature",10/20/2022,35461
Fisher,"Retriever, Labrador",10/20/2022,35134
Chloe,"Setter, English",10/20/2022,35465
Mabel,"Griffon, Wirehaired Pointing",10/20/2022,35455
Saffy,"Mixed Breed, Small (under 24 lbs fully grown)",10/21/2022,35441
Poppy,Pekingese,10/21/2022,35447
Oscar,"Foxhound, American",10/21/2022,33959
Shakespeare,"Mixed Breed, Medium (up to 44 lbs fully grown)",10/21/2022,35446
Reba,Great Pyrenees,10/21/2022,35445
Addie,Chihuahua,10/21/2022,35443
Darcy,"Mixed Breed, Small (under 24 lbs fully grown)",10/21/2022,35442
Blake Lively,Alaskan Husky,10/21/2022,35444
Badi (Chase) license #31069,Shepherd,10/24/2022,31069
Bobi (Fenix)     license #31073,German Shepherd,10/24/2022,31073
Ozzy    License #31072,Shepherd,10/24/2022,31072
Vulkan (Trek) License #31057,Shepherd,10/24/2022,
Tobi (Enzo)   license #31071,Shepherd,10/24/2022,31071
Jojo,Shih Tzu,10/24/2022,
Chimbote,"Bulldog, French",10/24/2022,
Gonzo              License #31070,"Retriever, Labrador",10/24/2022,31070
Pretzel,"Mixed Breed, Medium (up to 44 lbs fully grown)",10/24/2022,
Joda    License #31046,Shepherd,10/25/2022,31046
Dix (Taz)     license #31045,German Shepherd,10/25/2022,31045
Tiger    license #31058,Belgian Malinois,10/25/2022,31058
Nord (Jerry)     license #31074,Shepherd,10/25/2022,31074
Gus,"Dachshund, Standard Smooth Haired",10/26/2022,
Ferke    License #31075,Shepherd,10/27/2022,31075
Titan    License #31086,German Shepherd,10/27/2022,31086
Harley    License #31065,Belgian Malinois,10/27/2022,31065
Zeus    license #31066,Shepherd,10/27/2022,31066
Corrado    License #31044,German Shepherd,10/27/2022,31044
Boh   License #31064,German Shepherd,10/27/2022,31064
Max   License #31067,German Shepherd,10/27/2022,31067
Zorro     License #31084,Shepherd,10/27/2022,31084
Roc    License #31040,"Retriever, Labrador",10/27/2022,31040
Mega    License #31083,Belgian Malinois,10/27/2022,31083
Lord     License #31063,Shepherd,10/27/2022,31063
Dillon (aka- Dilly),"Retriever, Labrador",10/28/2022,
Huck,Australian Cattle Dog,10/30/2022,
Tucker,Bichon Frise,10/30/2022,
Reign,Mastiff,10/31/2022,31004
Kobi   License #31082,Belgian Malinois,11/1/2022,31082
Mina,Australian Cattle Dog,11/1/2022,
Sarge    License #31077,Shepherd,11/1/2022,31077
Lucky     License #31061,German Shepherd,11/1/2022,31061
Arco    License #31060,Shepherd,11/1/2022,31060
Oleg     License #31062,Belgian Malinois,11/1/2022,31062
Percival (Percy),"Terrier, West Highland White",11/2/2022,35429
Remy,"Retriever, Chesapeake Bay",11/2/2022,25885
Storm Anderson,Cane Corso,11/2/2022,35419
Roxor (Nico),Belgian Malinois,11/2/2022,35407
Boone,Spaniel,11/2/2022,35417
Claire,"Retriever, Labrador",11/2/2022,35402
Billy,"Pointer, German Shorthaired",11/2/2022,35410
Bree,"Cur, Black-Mouth",11/2/2022,35416
Claude,"Mixed Breed, Small (under 24 lbs fully grown)",11/2/2022,35424
Juniper Chicharron,"Mixed Breed, Small (under 24 lbs fully grown)",11/2/2022,35421
Cat,"Terrier, Patterdale",11/2/2022,35435
Harley,"Poodle, Miniature",11/2/2022,35425
Missy Tolson,"Terrier, Yorkshire",11/2/2022,35404
Bear,"Retriever, Flat-Coated",11/2/2022,35426
Bodhi,"Mixed Breed, Large (over 44 lbs fully grown)",11/2/2022,35437
Raleigh,Carolina Dog,11/2/2022,35414
Gari (Ziggy),"Pointer, German Shorthaired",11/2/2022,35408
Beans,"Terrier, Yorkshire",11/2/2022,35434
Bear,"Mixed Breed, Large (over 44 lbs fully grown)",11/2/2022,35440
Leo,German Shepherd,11/2/2022,35427
Ube,"Bulldog, French",11/2/2022,35412
Higgins,"Spaniel, English Springer",11/2/2022,35420
Koda,"Poodle, Miniature",11/2/2022,35438
Ogi,"Pointer, German Shorthaired",11/2/2022,35401
Maggie,"Deerhound, Scottish",11/2/2022,35430
Toby,Beagle,11/2/2022,35431
Kora,Border Collie,11/2/2022,35409
Dante,"Mixed Breed, Large (over 44 lbs fully grown)",11/2/2022,35418
Caramelo,"Poodle, Miniature",11/2/2022,35415
Chase,Chihuahua,11/2/2022,35428
Elliott,"Terrier, American Staffordshire",11/2/2022,35422
Primrose,"Mixed Breed, Medium (up to 44 lbs fully grown)",11/2/2022,35411
Davi,Shiba Inu,11/2/2022,35406
Jak,"Pointer, German Shorthaired",11/2/2022,35405
Rooney,Australian Cattle Dog,11/2/2022,35436
Bubba,Bloodhound,11/2/2022,35403
Beau,"Poodle, Standard",11/2/2022,35423
Vivian,"Mixed Breed, Medium (up to 44 lbs fully grown)",11/2/2022,35219
Fiadh,Australian Cattle Dog,11/2/2022,35439
Ursula,Pointer,11/2/2022,35433
Bellacita (Bella),Havanese,11/3/2022,35095
Roger,"Retriever, Golden",11/3/2022,35093
Joan Pawford,Samoyed,11/3/2022,35098
Percival (Percy),"Terrier, West Highland White",11/3/2022,35429
Phoebe,"Retriever, Golden",11/3/2022,35092
Butterball,Catahoula Leopard dog,11/3/2022,35094
Freddie,Chihuahua,11/3/2022,35100
Nalla,German Shepherd,11/3/2022,35099
Quinn,Shepherd,11/3/2022,35091
Whiskey,Australian Shepherd,11/3/2022,35097
Mowgli,Basenji,11/3/2022,35096
Guinness,Retriever,11/4/2022,35087
Brad,"Retriever, Labrador",11/4/2022,35088
Louis,"Welsh Corgi, Pembroke",11/4/2022,33301
Petrus,Bernese Mountain Dog,11/4/2022,35086
Nenya,Aidi,11/4/2022,35089
Frida,Terrier,11/7/2022,
Foggy Bottom,"Chihuahua, Long Coat",11/7/2022,33207
Zeus,Cane Corso,11/7/2022,
Maddy,"Collie, Smooth",11/7/2022,
Piper,"Collie, Smooth",11/7/2022,
Annie,Catahoula Leopard dog,11/8/2022,
Butternut,"Mixed Breed, Medium (up to 44 lbs fully grown)",11/9/2022,
Ruby,"Retriever, Labrador",11/10/2022,25421
Bear Philip Rollings,"Mixed Breed, Medium (up to 44 lbs fully grown)",11/10/2022,25442
Sasso,"Retriever, Golden",11/10/2022,25418
Roxy,"Terrier, American Staffordshire",11/10/2022,25419
Amilcar,Maltese,11/10/2022,25450
Andrew - Churchill,"Retriever, Labrador",11/10/2022,25429
Daphne,"Poodle, Standard",11/10/2022,25420
LEO,"Terrier, Yorkshire",11/10/2022,29537
Elvis,"Bulldog, French",11/10/2022,25433
Bean,"Mixed Breed, Medium (up to 44 lbs fully grown)",11/10/2022,25444
Douglas,Retriever,11/10/2022,25443
Archibald,"Spaniel, Cavalier King Charles",11/10/2022,25422
Pierre,Maltese,11/10/2022,25426
Raffle,Coton de Tulear,11/10/2022,25417
Maybeline,Beagle,11/10/2022,25438
Cherry,Maltese,11/10/2022,25423
Athena,German Shepherd,11/10/2022,29551
Zooey,"Chihuahua, Long Coat",11/10/2022,31259
Scarlett,"Retriever, Golden",11/10/2022,25437
Alfred von Schnitzel,"Poodle, Miniature",11/10/2022,25440
Lenny Herschel Hewitt,"Terrier, Tibetan",11/10/2022,29538
Baloo,"Retriever, Labrador",11/10/2022,29539
Tank,Beagle,11/10/2022,25427
Libby,Beagle,11/10/2022,25431
Ella,"Spaniel, Cavalier King Charles",11/10/2022,31260
Nero,Italian Greyhound,11/10/2022,31257
Corsair,German Shepherd,11/10/2022,25447
Oakley,Shepherd,11/10/2022,25424
Katie,Beagle,11/10/2022,33318
Briar,"Retriever, Labrador",11/10/2022,25446
Odin,Leonberger,11/10/2022,25430
Harpo,Old English Sheepdog,11/10/2022,25425
Wrigley,Maltese,11/10/2022,25428
Cyrus,"German Shepherd, King",11/13/2022,
Ferdinand,"Terrier, American Pit Bull",11/14/2022,
Buddy,"Terrier, Pit Bull",11/16/2022,
Bolin,Bernese Mountain Dog,11/17/2022,31261
Cody,"Mixed Breed, Medium (up to 44 lbs fully grown)",11/17/2022,25432
Charlie,Shih Tzu,11/17/2022,25416
Millie,"Terrier, American Pit Bull",11/17/2022,29335
Hugo,"Poodle, Standard",11/17/2022,31258
Captain,"Retriever, Labrador",11/17/2022,25435
Letty,Australian Shepherd,11/17/2022,25414
Cosi Walkup,"Poodle, Standard",11/17/2022,31256
Moony,Chihuahua,11/17/2022,25445
Tucker,Retriever,11/17/2022,25441
Mushu,"Mixed Breed, Large (over 44 lbs fully grown)",11/17/2022,25434
Penny,"Spaniel, American Cocker",11/17/2022,25449
Yogi,Pomeranian,11/17/2022,25448
Daisy,"Poodle, Miniature",11/17/2022,25439
Waffles,"Terrier, West Highland White",11/17/2022,25415
Dude,"Retriever, Golden",11/17/2022,25436
Marcus,"Poodle, Miniature",11/17/2022,29534
Pepe,"Terrier, West Highland White",11/18/2022,
Ru,Boxer,11/20/2022,
Sprout,Border Collie,11/24/2022,
Summer,"Retriever, Labrador",11/24/2022,
Benji,Bichon Frise,11/25/2022,31594
Foufu,Border Collie,11/25/2022,
Isaac,Terrier,11/27/2022,
Kenai,"Australian Shepherd, Miniature",11/27/2022,29524
Apollo,Shepherd,11/28/2022,26617
June,"Mixed Breed, Medium (up to 44 lbs fully grown)",11/29/2022,
SJ,Mix,12/1/2022,25412
Sierra,Siberian Husky,12/1/2022,25410
"Teddy (Name from the rescue was Peter Pan, so that is what is on his documents)","Poodle, Miniature",12/1/2022,35075
Tilly,"Terrier, Border",12/1/2022,35082
Jackson,"Mixed Breed, Medium (up to 44 lbs fully grown)",12/1/2022,25405
Auggie,"Mixed Breed, Large (over 44 lbs fully grown)",12/1/2022,35078
Benjamin,Chow Chow,12/1/2022,25404
Yoyo,"Terrier, Jack Russell",12/1/2022,25408
Valentina,"Retriever, Golden",12/1/2022,25411
Keppi,"Terrier, American Staffordshire",12/1/2022,25402
Mia,German Shepherd,12/1/2022,35069
Hank,Akita,12/1/2022,25403
Leo,Beagle,12/1/2022,35074
Olive,Retriever,12/1/2022,35071
Sumo,"Poodle, Miniature",12/1/2022,35076
Zahavah,"Retriever, Labrador",12/1/2022,35081
BABY,"Poodle, Toy",12/1/2022,25409
Lady Pretzel,Spaniel,12/1/2022,35070
Pippa,"Poodle, Toy",12/1/2022,35068
Cooper,"Terrier, Jack Russell",12/1/2022,25401
Babe,"Coonhound, Treeing Walker",12/1/2022,25406
Millie,"Retriever, Labrador",12/1/2022,35083
Maximus,Australian Shepherd,12/1/2022,35084
Agnes,Brittany,12/1/2022,35067
Buttercup,"Retriever, Labrador",12/1/2022,35073
Parsnip,Chihuahua,12/1/2022,35077
Archie,"Chihuahua, Short Coat",12/1/2022,35085
Barbara,Australian Cattle Dog,12/1/2022,35080
Pumbaa,"Poodle, Standard",12/2/2022,35062
Dozer Feldman,"Retriever, Labrador",12/2/2022,35065
"Luna (pre-adoption name was ""Siren"")","Retriever, Labrador",12/2/2022,35051
Han Solo,Chihuahua,12/2/2022,35064
Lily,Shepherd,12/2/2022,35063
Oliver,Havanese,12/6/2022,
Ozzy,"Poodle, Standard",12/7/2022,
Max Hill,"Poodle, Miniature",12/8/2022,35052
Kierra,"Mixed Breed, Large (over 44 lbs fully grown)",12/8/2022,
Hazy,"Retriever, Labrador",12/8/2022,35061
Quinn,"Retriever, Labrador",12/8/2022,35055
Bean (formerly Allie),Australian Cattle Dog,12/8/2022,35057
Zoya,Shih Tzu,12/8/2022,35049
Honey,"Terrier, Yorkshire",12/8/2022,35054
Gus,"Retriever, Labrador",12/8/2022,35048
Marley,Beagle,12/8/2022,35053
Arf Garfunkel,Anatolian Shepherd,12/8/2022,35059
Hazel Kuehne,Dalmatian,12/8/2022,35056
Arlo,"Mixed Breed, Medium (up to 44 lbs fully grown)",12/8/2022,35050
Loki,"Dachshund, Standard Smooth Haired",12/8/2022,35058
Moncler,"Poodle, Miniature",12/8/2022,35060
Teddy,"Mixed Breed, Large (over 44 lbs fully grown)",12/9/2022,35044
Bentley,"Terrier, American Pit Bull",12/9/2022,35043
Winston,"Retriever, Golden",12/9/2022,35045
Molly,Border Collie,12/9/2022,47232
Jasper,Border Collie,12/9/2022,35047
Zoey,"Mixed Breed, Medium (up to 44 lbs fully grown)",12/9/2022,35046
Maximus,Beagle,12/9/2022,35042
Duke,"Retriever, Labrador",12/11/2022,
Pearl,German Shepherd,12/12/2022,
Stanley,Old English Sheepdog,12/12/2022,
Bubz,"Retriever, Labrador",12/13/2022,18079
Nugget,"Terrier, English Staffordshire",12/14/2022,25036
Luna,"Mixed Breed, Medium (up to 44 lbs fully grown)",12/14/2022,35040
Jake,German Shepherd,12/14/2022,35036
Olive Abram,"Mixed Breed, Medium (up to 44 lbs fully grown)",12/14/2022,35034
Lincoln,Pug,12/14/2022,35038
Cora,Retriever,12/14/2022,35033
Aspen,"Retriever, Labrador",12/14/2022,35027
Indy,"Retriever, Labrador",12/14/2022,35028
Addi Mai,Beagle,12/14/2022,35035
Izzy,"Retriever, Labrador",12/14/2022,35039
Milli,"Poodle, Miniature",12/14/2022,35037
Coupe,German Shepherd,12/14/2022,35024
Prissy,"Terrier, Pit Bull",12/15/2022,35026
Zinnie,"Retriever, Labrador",12/15/2022,35041
Max,Boxer,12/15/2022,35030
Pippa,"Retriever, Golden",12/15/2022,35025
Keeley,"Poodle, Toy",12/15/2022,35029
Lucy,"Mixed Breed, Small (under 24 lbs fully grown)",12/15/2022,35032
Rosie,Havanese,12/18/2022,
King,"Terrier, Silky",12/19/2022,33324
Blake,Border Collie,12/20/2022,25363
Killian,Great Pyrenees,12/20/2022,25357
Rebekah Stiedemann,Podenco Gallego,12/20/2022,12345
Laney,Chihuahua,12/20/2022,34493
Ben (Peyton),"Pointer, German Shorthaired",12/21/2022,35023
Romeo,Chihuahua,12/21/2022,35015
Ceci,"Retriever, Labrador",12/21/2022,35017
BUzz,German Shepherd,12/21/2022,35012
Coogee,"Australian Shepherd, Miniature",12/21/2022,35013
Dewey,"Poodle, Miniature",12/21/2022,35016
Jekyll,Hound,12/21/2022,35010
Rexie,"Poodle, Standard",12/21/2022,35020
Bondi,Australian Shepherd,12/21/2022,35014
Jet,Feist,12/21/2022,35022
Scully,"Schnauzer, Standard",12/21/2022,35019
Goose,"Retriever, Labrador",12/21/2022,35018
Vladimir,"Mixed Breed, Large (over 44 lbs fully grown)",12/21/2022,35021
Chloe,"Welsh Corgi, Pembroke",12/21/2022,35011
Franklin,"Terrier, American Pit Bull",12/22/2022,
Nellie Buzbee,Australian Cattle Dog,12/25/2022,31394
Gaia,"Mixed Breed, Large (over 44 lbs fully grown)",12/25/2022,
Sunny,"Terrier, American Pit Bull",12/28/2022,
Molly Baldeo,"Mixed Breed, Small (under 24 lbs fully grown)",12/28/2022,35005
Lucky,American Blue Heeler,12/28/2022,35000
Tenoch,Mexican Hairless,12/28/2022,35007
Zen,"Australian Shepherd, Miniature",12/28/2022,25536
Remy,"Mixed Breed, Medium (up to 44 lbs fully grown)",12/28/2022,33282
Bear,"Mixed Breed, Large (over 44 lbs fully grown)",12/28/2022,
Luca,"Poodle, Miniature",12/28/2022,35006
Moose,"Retriever, Golden",12/28/2022,35009
Luna,"Terrier, Yorkshire",12/28/2022,35008
Kingsley,"Mixed Breed, Large (over 44 lbs fully grown)",12/28/2022,31512
Bruno,Spaniel,12/28/2022,35004
Havana,Whippet,12/29/2022,36200
Zee,"Mixed Breed, Large (over 44 lbs fully grown)",12/29/2022,35001
Zoe,Basenji,12/29/2022,36198
Peanut,Pointer,12/29/2022,35003
Reese (formerly Theodore),"Coonhound, Black and Tan",12/29/2022,35002
Sophie,"Chihuahua, Short Coat",12/29/2022,36199
Quincy,"Mixed Breed, Large (over 44 lbs fully grown)",12/29/2022,33278
Winston,"Terrier, Yorkshire",12/30/2022,
Miss Ki,"Terrier, Yorkshire",12/30/2022,
Gabby,"Chihuahua, Long Coat",12/30/2022,11944
Charlie,"Collie, Rough",12/31/2022,27746
Sadie,"Mixed Breed, Small (under 24 lbs fully grown)",1/3/2023,
Sasha,"Coonhound, Black and Tan",1/3/2023,
Madzi,"Terrier, Pit Bull",1/3/2023,
Gizmo,Retriever,1/3/2023,
Archie,"Poodle, Miniature",1/4/2023,36197
,,1/4/2023,36184
Hank,Australian Shepherd,1/4/2023,36185
Maisie,"Terrier, Rat",1/4/2023,36194
Talula,Chihuahua,1/4/2023,36189
Ignacio (Iggy),Greyhound,1/4/2023,36180
"Wellington (""Wellie"")","Retriever, Golden",1/4/2023,36193
Willie (FKA Chalupa),"Chihuahua, Short Coat",1/4/2023,36183
Italy,Bernese Mountain Dog,1/4/2023,36188
Broccoli,"Poodle, Miniature",1/4/2023,36186
Felix,"Mixed Breed, Large (over 44 lbs fully grown)",1/4/2023,36187
Pappe,"Mixed Breed, Medium (up to 44 lbs fully grown)",1/4/2023,36190
Colt,Australian Shepherd,1/4/2023,36195
Baldwin,"Terrier, Boston",1/4/2023,36196
Lincoln,"German Shepherd, King",1/4/2023,36182
Gracie,Terrier,1/4/2023,36192
Santana,"Retriever, Labrador",1/4/2023,36191
Fuji,"Retriever, Labrador",1/4/2023,36181
Tessa,German Shepherd,1/5/2023,
Dozer,Basset Hound,1/5/2023,36178
Lillian,"Mixed Breed, Medium (up to 44 lbs fully grown)",1/5/2023,36179
Otis,Basenji,1/5/2023,
Atticus Presley Pelletier,"Mixed Breed, Large (over 44 lbs fully grown)",1/5/2023,36177
Badi,Canaan,1/5/2023,36176
Original name was Nino but all records now have (Ziggy),"Poodle, Miniature",1/5/2023,36174
Wilbur,"Retriever, Labrador",1/6/2023,36172
Lucky (change name from Athena to Lucky),"Terrier, American Pit Bull",1/6/2023,36171
Zola Freckles,Dalmatian,1/6/2023,36168
Talia,"Mixed Breed, Large (over 44 lbs fully grown)",1/6/2023,36169
Bucky Mahoney-Ratner,"Terrier, American Pit Bull",1/6/2023,36173
Winston,"Dachshund, Standard Wire Haired",1/6/2023,36170
Rufus,Basset Hound,1/6/2023,33458
Peggy Sue,"Mixed Breed, Medium (up to 44 lbs fully grown)",1/8/2023,
Perly,"Mixed Breed, Medium (up to 44 lbs fully grown)",1/8/2023,
Baby,"Mixed Breed, Large (over 44 lbs fully grown)",1/9/2023,
Skype,"Mixed Breed, Large (over 44 lbs fully grown)",1/9/2023,
Olive Esteve Offord,Beagle,1/9/2023,
Rella,Mix,1/9/2023,
Flannery,"Griffon, Wirehaired Pointing",1/9/2023,29588
Riley,Shepherd,1/10/2023,
Arya,German Shepherd,1/10/2023,
Dupont,"Dachshund, Miniature Long Haired",1/11/2023,36165
Murphy Merrill,"Mixed Breed, Large (over 44 lbs fully grown)",1/11/2023,36153
Benito (Benny) Borcherding,German Shepherd,1/11/2023,36155
Jef,German Shepherd,1/11/2023,36159
Mia,"Mixed Breed, Small (under 24 lbs fully grown)",1/11/2023,36158
Coco,"Terrier, Yorkshire",1/11/2023,36154
Destiny,Norwegian Elkhound,1/11/2023,36163
Moo,Chihuahua,1/11/2023,36239
Marble,Border Collie,1/11/2023,36161
Daisy,Bichon Frise,1/11/2023,36156
Coco,Shih Tzu,1/11/2023,36160
Cotton,Siberian Husky,1/11/2023,36152
Daisy,Australian Shepherd,1/11/2023,36164
Marlow,Picardy Sheepdog,1/11/2023,36167
Lola Roo,White Swiss Shepherd (Berger Blanc Suisse),1/11/2023,33205
Angelo,Armant,1/11/2023,36162
Sejong,Shiba Inu,1/11/2023,36166
Jovie,"Poodle, Toy",1/11/2023,36157
Milou,"Poodle, Standard",1/12/2023,33461
Mikey,Shih Tzu,1/13/2023,36147
Zoomy,Chihuahua,1/13/2023,31595
Bucky Barnes,Hound,1/13/2023,25413
Reba,"Terrier, American Pit Bull",1/13/2023,36150
Furlow,Pomeranian,1/13/2023,26100
Geoffrey,"Terrier, American Pit Bull",1/13/2023,36149
North,Alaskan Malamute,1/13/2023,36151
Maple,Mix,1/13/2023,36148
Toby,Retriever,1/17/2023,
Roscoe,"Retriever, Labrador",1/17/2023,29290
Stella,Mix,1/17/2023,33358
Champ,"Retriever, Golden",1/17/2023,33360
Winston,"Retriever, Labrador",1/17/2023,
Louie,Great Pyrenees,1/18/2023,
Finn,Bernese Mountain Dog,1/18/2023,
Fambay,German Shepherd,1/19/2023,36146
Hugo,Hound,1/19/2023,36130
Ray,German Shepherd,1/19/2023,31865
Ace,Boxer,1/19/2023,36127
Winston,"Terrier, Border",1/19/2023,36125
Melvin,"Retriever, Labrador",1/19/2023,36134
Harley,Belgian Malinois,1/19/2023,36142
Rogue,Australian Cattle Dog,1/19/2023,36138
Thurlo,Mastiff,1/19/2023,36128
Gary,Retriever,1/19/2023,36136
Ruthie,"Retriever, Labrador",1/19/2023,
Ada,Siberian Husky,1/19/2023,36129
Abby,"Collie, Smooth",1/19/2023,36124
Cranberry,"Chihuahua, Short Coat",1/19/2023,36133
Murphy,"Retriever, Labrador",1/19/2023,36135
Chief Richard Webber,Mix,1/19/2023,36139
Chester,"Coonhound, Treeing Walker",1/19/2023,36126
Clover,"Mixed Breed, Large (over 44 lbs fully grown)",1/19/2023,36141
Rascal Pambos,Bichon Frise,1/19/2023,29599
Chaplin,Maltese,1/19/2023,
Amba,Rhodesian Ridgeback,1/19/2023,
Marxi,"Terrier, Yorkshire",1/19/2023,36131
Penny,"Mixed Breed, Medium (up to 44 lbs fully grown)",1/19/2023,36144
Copper,German Shepherd,1/19/2023,33255
Leila (formerly Toffee),"Retriever, Labrador",1/19/2023,36132
Peanut,Beagle,1/20/2023,36145
Wishbone,"Terrier, Jack Russell",1/20/2023,36143
Keeper,"Retriever, Labrador",1/20/2023,36140
Lemon,Bernese Mountain Dog,1/20/2023,36123
Ravioli,"Spaniel, American Cocker",1/20/2023,34400
Molly,"Poodle, Miniature",1/23/2023,
Elsa Cavanagh,"Poodle, Standard",1/23/2023,
Hugo,"Spaniel, Cavalier King Charles",1/23/2023,21025
Rio,Greyhound,1/23/2023,14708
Maisie,"Schnauzer, Miniature",1/23/2023,
Kassie Rose,Shih Tzu,1/23/2023,
Lilly,Shih Tzu,1/23/2023,27254
MUKI,"Mixed Breed, Large (over 44 lbs fully grown)",1/24/2023,
Magnoli,"Mixed Breed, Medium (up to 44 lbs fully grown)",1/25/2023,36111
King,"Terrier, Pit Bull",1/25/2023,36115
Lady,"Mixed Breed, Large (over 44 lbs fully grown)",1/25/2023,36106
Taz,"Spaniel, Welsh Springer",1/25/2023,36103
Neptune,Beagle,1/25/2023,35693
Watson,"Terrier, Yorkshire",1/25/2023,36108
Otis,Boxer,1/25/2023,36116
Bayley,"Retriever, Chesapeake Bay",1/25/2023,36109
Holly,Terrier,1/25/2023,36104
Bella,"Terrier, Yorkshire",1/25/2023,36121
Wynn,Terrier,1/25/2023,36101
Luna,Australian Cattle Dog,1/25/2023,
Bruce,Bernese Mountain Dog,1/25/2023,35699
Daisy,Bernese Mountain Dog,1/25/2023,35695
Luka,"Mixed Breed, Large (over 44 lbs fully grown)",1/25/2023,36102
Jolene,Belgian Malinois,1/25/2023,36105
Mya,"Mixed Breed, Small (under 24 lbs fully grown)",1/25/2023,35697
Edgar Van De Mark,Pointer,1/25/2023,35694
Cassie,"Poodle, Standard",1/25/2023,36112
Roxy,Mix,1/25/2023,36113
Marbles,"Poodle, Miniature",1/25/2023,36114
Lana,"Poodle, Miniature",1/25/2023,36122
Chloe,German Shepherd,1/25/2023,36107
Sequoia,"Retriever, Labrador",1/25/2023,36119
Linus,"Schnauzer, Miniature",1/25/2023,36120
Meatball,"Welsh Corgi, Pembroke",1/25/2023,36118
Finnegan,"Terrier, Pit Bull",1/25/2023,35700
Argos,"Pointer, German Shorthaired",1/25/2023,36117
NeO,"Poodle, Standard",1/25/2023,35696
Apollo,Dalmatian,1/25/2023,36110
Momo,"Terrier, Tibetan",1/26/2023,18967
Hamilton Van De Mark,"Terrier, Jack Russell",1/26/2023,35692
Oliver,"Mixed Breed, Large (over 44 lbs fully grown)",1/26/2023,35691
Maggie,German Shepherd,1/26/2023,33279
Ahsoka,Beagle,1/26/2023,35689
Valentina,"Dachshund, Miniature Long Haired",1/26/2023,35690
Nima,"Terrier, Tibetan",1/26/2023,29830
IZZY,"Poodle, Miniature",1/27/2023,35685
Charlie,"Terrier, Boston",1/27/2023,35683
Mozzarella,"Poodle, Standard",1/27/2023,35688
Soju,Beagle,1/27/2023,35682
Fenton (formerly Carmen),"Coonhound, Black and Tan",1/27/2023,26439
Mooney,"Cur, Mountain",1/27/2023,35686
marco,"Mixed Breed, Large (over 44 lbs fully grown)",1/27/2023,16549
Ray (formerly Randa),German Shepherd,1/27/2023,35687
Rowan,"Mixed Breed, Medium (up to 44 lbs fully grown)",1/27/2023,
Teddy,"Schnauzer, Miniature",1/27/2023,35684
Lenny,Havanese,1/27/2023,
carra,"Terrier, American Pit Bull",1/27/2023,28657
Oscar,"Poodle, Miniature",1/30/2023,
Violet Green,"Retriever, Labrador",1/30/2023,
Henry,Chihuahua,2/1/2023,
Ruby,Beagle,2/1/2023,
Casper,"Terrier, American Staffordshire",2/2/2023,35679
Keeper,"Vizsla, Smooth Haired",2/2/2023,35676
Mowgli,"Mixed Breed, Small (under 24 lbs fully grown)",2/2/2023,35669
KiKi,German Shepherd,2/2/2023,35678
Arbie G,"Poodle, Miniature",2/2/2023,33400
Bigotes,Beagle,2/2/2023,35668
Kélo,Chihuahua,2/2/2023,35681
Jackson,"Terrier, American Staffordshire",2/2/2023,35677
Zenitsu,Boxer,2/2/2023,35675
Reese,Greyhound,2/2/2023,35670
Ollie,"Spaniel, Cavalier King Charles",2/2/2023,35674
Bentley,"Retriever, Labrador",2/2/2023,35680
Rosie,"Retriever, Golden",2/2/2023,35671
Hattie,"Mixed Breed, Large (over 44 lbs fully grown)",2/2/2023,
Bentley,"Spaniel, Cavalier King Charles",2/2/2023,35672
Cora,"Mixed Breed, Large (over 44 lbs fully grown)",2/2/2023,35673
Luna Davenport,"Retriever, Golden",2/3/2023,35665
Milo,"Spaniel, Cavalier King Charles",2/3/2023,35667
Samwise,Australian Cattle Dog,2/3/2023,35664
Zoe,Terrier,2/3/2023,35662
Benny,"Terrier, Yorkshire",2/3/2023,32727
Mocha,"Terrier, Pit Bull",2/3/2023,35663
Oso,German Shepherd,2/3/2023,35666
Yoda,Chihuahua,2/5/2023,
Choux,"Mixed Breed, Small (under 24 lbs fully grown)",2/5/2023,
Otto,Shih Tzu,2/6/2023,
Rosie,"Retriever, Labrador",2/7/2023,33218
Chewbacca Chewie Smith,Hound,2/7/2023,
Finn,"Mixed Breed, Large (over 44 lbs fully grown)",2/8/2023,35659
Teddy,"Spaniel, Cavalier King Charles",2/8/2023,35653
Belle,Italian Greyhound,2/8/2023,35661
Blu,"Terrier, Pit Bull",2/8/2023,35654
Audrey (formerly known as Berry),"Welsh Corgi, Pembroke",2/8/2023,35656
Layla,Beagle,2/8/2023,35655
Mozi,German Shepherd,2/8/2023,35639
George Pompidou,"Poodle, Miniature",2/8/2023,35660
Humble Queen,Cane Corso,2/8/2023,35641
Cosmo,"Dachshund, Miniature Long Haired",2/8/2023,35649
Dora,Bernese Mountain Dog,2/8/2023,35643
Dream,"Retriever, Labrador",2/8/2023,35648
Quint,German Shepherd,2/8/2023,35642
Ozy (Ozymandias),Great Dane,2/8/2023,35645
Leonard,Boxer,2/8/2023,35644
Pocheon,Terrier,2/8/2023,35647
Speckles Baine,Australian Cattle Dog,2/8/2023,35657
Levi,"Terrier, Patterdale",2/8/2023,35640
Hex,Australian Cattle Dog,2/8/2023,35658
Riesling,Australian Shepherd,2/8/2023,
Bear,Australian Shepherd,2/8/2023,35652
Minnie,Pomeranian,2/9/2023,33120
Gus,Neapolitan Mastiff,2/9/2023,35651
Albi,Bernese Mountain Dog,2/9/2023,35650
Bowser,Siberian Husky,2/9/2023,35646
Alex,Bichon Frise,2/12/2023,
Coco Cook,"Retriever, Labrador",2/13/2023,
Nutmeg,Beagle,2/13/2023,
Max,German Shepherd,2/14/2023,
Romeo,German Shepherd,2/15/2023,35614
Ruby,Australian Cattle Dog,2/15/2023,35626
Blu,"Terrier, Pit Bull",2/15/2023,35617
Hennessy,"Spaniel, Cavalier King Charles",2/15/2023,
Mia Ackerman,"Retriever, Golden",2/15/2023,35618
Princess Naya Baker,"Retriever, Labrador",2/15/2023,35615
Pendo,"Retriever, Labrador",2/15/2023,35629
Pepper,Australian Cattle Dog,2/15/2023,35625
Milly,"Bulldog, French",2/15/2023,35635
Kirk,Chihuahua,2/15/2023,35633
Indy,German Shepherd,2/15/2023,35632
Gus,Hound,2/15/2023,35638
Arwen,"Mixed Breed, Small (under 24 lbs fully grown)",2/15/2023,35631
CJ,"Mixed Breed, Large (over 44 lbs fully grown)",2/15/2023,28484
Queso,Australian Cattle Dog,2/15/2023,35616
Charlie,Mix,2/15/2023,35630
Bailey,"Poodle, Miniature",2/15/2023,35622
June,Canaan,2/15/2023,35636
Rocky,"Retriever, Golden",2/15/2023,35624
Bandit,"Mixed Breed, Small (under 24 lbs fully grown)",2/15/2023,4519
Otto,"Dachshund, Miniature Smooth Haired",2/15/2023,35621
Caryn Ackerman,"Retriever, Labrador",2/15/2023,35620
Miss Marple,Shiloh Shepherd,2/15/2023,35634
Bayken,Pug,2/15/2023,35637
The Candy Man,"Poodle, Miniature",2/15/2023,33230
Phoebe,"Retriever, Labrador",2/15/2023,35613
Gilligan,Border Collie,2/15/2023,35619
Lucy,Bernese Mountain Dog,2/15/2023,35628
Phoebe,Australian Shepherd,2/15/2023,35627
Monteray,Shepherd,2/15/2023,35623
Cooper,"Retriever, Labrador",2/16/2023,35601
Wyatt,"Mixed Breed, Small (under 24 lbs fully grown)",2/16/2023,
Ruby,"Terrier, Cairn",2/20/2023,33387
Cricket,"Terrier, Pit Bull",2/20/2023,
Elena,Border Collie,2/21/2023,33271
Bruno,"Dachshund, Standard Wire Haired",2/21/2023,33275
Sammy,"Poodle, Standard",2/21/2023,20873
Victor DeSoto,"Chihuahua, Short Coat",2/21/2023,27748
Frankie,"Coonhound, Treeing Walker",2/23/2023,35993
Jeter,"Poodle, Miniature",2/23/2023,35996
Ronin,"Terrier, American Pit Bull",2/23/2023,35608
Penny,"Retriever, Labrador",2/23/2023,35990
Albie,"Dachshund, Miniature Wire Haired",2/23/2023,35992
Rocky,Bichon Frise,2/23/2023,35609
Lancelot,Siberian Husky,2/23/2023,
Midge,Pug,2/23/2023,35610
Leeloo,Hound,2/23/2023,35999
Rain,American Blue Heeler,2/23/2023,35604
Pepper,Beagle,2/23/2023,35997
Mishka,Australian Koolie,2/23/2023,35612
"Dozer ""The Crusher"" Montrose Frank","Bulldog, English",2/23/2023,35995
Nala,"Mixed Breed, Large (over 44 lbs fully grown)",2/23/2023,35606
Francesca,"Bulldog, French",2/23/2023,35602
Sophie,Shih Tzu,2/23/2023,36000
Lenny (formerly Little Bear),Terrier,2/23/2023,35989
Jupiter,Beagle,2/23/2023,35994
Lioness,Siberian Husky,2/23/2023,
Venus,Mix,2/24/2023,35998
Atsa,Retriever,2/24/2023,35611
Cappuccino,"Retriever, Labrador",2/24/2023,35607
Tora,Akita,2/24/2023,35603
Harry,Great Pyrenees,2/24/2023,35605
Stella,Mix,2/26/2023,
Chui,Xoloitzcuintli,2/26/2023,
Luc,"Mixed Breed, Medium (up to 44 lbs fully grown)",2/27/2023,20061
Jack,Chihuahua,2/27/2023,
Chatham,Carolina Dog,2/27/2023,
Tucker,Portuguese Water Dog,2/27/2023,
Beau,"Mixed Breed, Medium (up to 44 lbs fully grown)",2/27/2023,20062
Jackson,"Retriever, Labrador",2/27/2023,
Enzo,Shih Tzu,2/27/2023,31352
Cedar,"Retriever, Labrador",3/1/2023,35958
Oberon (Obie),"Spaniel, Cavalier King Charles",3/1/2023,35991
Charly Isis Harrison,"Bulldog, French",3/1/2023,35968
Aqua,Cane Corso,3/1/2023,35951
Roxie Rosalind Karro-Gassner Hughes,"Coonhound, Bluetick",3/1/2023,35953
Ripley,Australian Cattle Dog,3/1/2023,35964
Rooney,"Poodle, Miniature",3/1/2023,35988
Gary Gowar,"Spaniel, Cavalier King Charles",3/1/2023,35962
Nina,Bulldog,3/1/2023,
Mo,"Poodle, Standard",3/1/2023,35967
Mercedes,German Shepherd,3/1/2023,35952
GEORGE,"Mixed Breed, Large (over 44 lbs fully grown)",3/1/2023,35956
Rudy,"Mixed Breed, Large (over 44 lbs fully grown)",3/1/2023,35960
Nama,"Retriever, Labrador",3/1/2023,35955
Theodore,Siberian Husky,3/1/2023,35959
Lady,"Poodle, Miniature",3/1/2023,35954
SCOOTER,"Mixed Breed, Large (over 44 lbs fully grown)",3/1/2023,35961
Rusty,"Terrier, Yorkshire",3/1/2023,
Feta,Mix,3/1/2023,35957
Pepper,"Pointer, German Wirehaired",3/1/2023,35966
Cali,"Retriever, Labrador",3/1/2023,35965
Sawyer,"Retriever, Golden",3/1/2023,35963
Marty,Beagle,3/2/2023,35987
Bebe,Maltese,3/2/2023,35981
Polo,"Terrier, American Staffordshire",3/2/2023,35984
Jetson,Shiba Inu,3/2/2023,35986
,,3/2/2023,35978
Murphy,"Retriever, Golden",3/2/2023,35977
ZOEY,"Terrier, Airedale",3/2/2023,35983
Lily,Maltese,3/2/2023,35979
Kabo,Siberian Husky,3/2/2023,35980
Zuko,Australian Shepherd,3/2/2023,35985
Mikitsi,"Dachshund, Standard Smooth Haired",3/2/2023,35982
Yuki,"Retriever, Labrador",3/2/2023,35976
Sonny,"Dachshund, Standard Smooth Haired",3/3/2023,35971
Sally,Pug,3/3/2023,35970
Ziggy,"Cur, Black-Mouth",3/3/2023,35973
Lucy,Mix,3/3/2023,35972
Higgins,"Spaniel, English Springer",3/8/2023,35974
Poppy (Topshelf),"Terrier, Boston",3/8/2023,35948
Dexter,"Australian Shepherd, Miniature",3/8/2023,35933
Kudzu,"Schnauzer, Giant",3/8/2023,35935
Poppy,"Mixed Breed, Medium (up to 44 lbs fully grown)",3/8/2023,35975
Ripley Chen,"Welsh Corgi, Pembroke",3/8/2023,35934
Louise Penny,Hound,3/8/2023,35940
Pismo V,"Retriever, Labrador",3/8/2023,35950
Charlie Via Kim,Australian Kelpie,3/8/2023,35949
Ruby,Beagle,3/8/2023,35946
Puma Mohawk,"Retriever, Labrador",3/8/2023,33224
Boson,"Mixed Breed, Large (over 44 lbs fully grown)",3/8/2023,16332
Nova Philippe,"Retriever, Labrador",3/8/2023,35944
Vince,"Terrier, American Pit Bull",3/8/2023,35947
Bruno,"Dachshund, Miniature Wire Haired",3/8/2023,35938
Thor,Chihuahua,3/8/2023,35943
Pip,Greyhound,3/8/2023,
Rosie,"Retriever, Labrador",3/8/2023,33286
Teddy,"Mixed Breed, Small (under 24 lbs fully grown)",3/8/2023,
Elsa,"Dachshund, Miniature Smooth Haired",3/8/2023,35945
Westley,Beagle,3/8/2023,35941
Trixie,Mix,3/8/2023,35936
Peep,"Retriever, Labrador",3/9/2023,35929
Maximus,"Retriever, Labrador",3/9/2023,35930
Willow,"Mixed Breed, Medium (up to 44 lbs fully grown)",3/9/2023,25400
Donner,"Mixed Breed, Large (over 44 lbs fully grown)",3/9/2023,35931
Tor Talbert-Jackson,"Terrier, Yorkshire",3/9/2023,35937
Chase Maximus Carpenter,"Terrier, Yorkshire",3/10/2023,35902
Roy Kent,"Dachshund, Miniature Long Haired",3/10/2023,35939
Tequila (Estrella Arebred),"Terrier, Scottish",3/10/2023,29917
Lakota,Mastiff,3/10/2023,35901
Sugar,Terrier,3/10/2023,35903
Spudz,Retriever,3/10/2023,35928
Pickle,"Coonhound, Bluetick",3/10/2023,35904
Molle,"Mixed Breed, Large (over 44 lbs fully grown)",3/10/2023,35932
Knox,"Mixed Breed, Small (under 24 lbs fully grown)",3/15/2023,
Evie,Coonhound,3/15/2023,
Dusty,"Mixed Breed, Large (over 44 lbs fully grown)",3/15/2023,
Rex,Chihuahua,3/15/2023,
Koda,Pharaoh Hound,3/15/2023,
Fitz,Terrier,3/15/2023,
Mac,"Retriever, Golden",3/15/2023,
Mallow,Samoyed,3/15/2023,
TZ,"Mixed Breed, Small (under 24 lbs fully grown)",3/16/2023,35905
Nala,Shepherd,3/16/2023,35908
Eli,Australian Cattle Dog,3/16/2023,35916
Watson,"Chihuahua, Short Coat",3/16/2023,35923
Jeanie,Shepherd,3/16/2023,35906
Chance,"Retriever, Golden",3/16/2023,35917
Paprika,"Mixed Breed, Small (under 24 lbs fully grown)",3/16/2023,35913
Bass,"Mixed Breed, Large (over 44 lbs fully grown)",3/16/2023,35907
Brooklyn,"Mixed Breed, Large (over 44 lbs fully grown)",3/16/2023,35924
Tiyquan cavapoo,"Spaniel, Cavalier King Charles",3/16/2023,35600
Luna,"Retriever, Labrador",3/16/2023,35910
Bailey,"Retriever, Labrador",3/16/2023,35914
Zeppelin,"Terrier, Tibetan",3/16/2023,35912
Benny,"Poodle, Miniature",3/16/2023,35919
Pax Terra,Pharaoh Hound,3/16/2023,35922
Wanda,German Shepherd,3/16/2023,35597
Rico,Pomeranian,3/16/2023,35909
Coconut,"Mixed Breed, Medium (up to 44 lbs fully grown)",3/16/2023,35926
Emblem,"Retriever, Labrador",3/16/2023,35911
Fiddler,Retriever,3/16/2023,35598
Teddy,Korean Jindo,3/16/2023,35599
Jada,Basset Hound,3/16/2023,35920
Sunny,"Spaniel, American Cocker",3/16/2023,35915
Boss,Chihuahua,3/16/2023,35921
Zayn,"Retriever, Labrador",3/16/2023,35918
Poppy,Shepherd,3/16/2023,35925
Chablis,American Eskimo,3/17/2023,29857
Kona,Australian Shepherd,3/17/2023,35593
Archie,"Mixed Breed, Small (under 24 lbs fully grown)",3/17/2023,35595
Josie,"Mixed Breed, Medium (up to 44 lbs fully grown)",3/17/2023,35590
Rose,Miniature Pinscher,3/17/2023,35594
Louis,"Terrier, Jack Russell",3/17/2023,35596
Tito/Orion,"Terrier, American Pit Bull",3/17/2023,
Astro,"Terrier, Patterdale",3/22/2023,25451
Argos,"Munsterlander,Small",3/23/2023,
Milo,"Mixed Breed, Medium (up to 44 lbs fully grown)",3/23/2023,
Zef,Rhodesian Ridgeback,3/23/2023,
Winnie Haines,"Retriever, Golden",3/23/2023,
Banjo,"Mixed Breed, Large (over 44 lbs fully grown)",3/23/2023,33508
Misha,Havanese,3/23/2023,
Max,Greyhound,3/23/2023,33098
Masha,Havanese,3/23/2023,
Chewbacca,German Shepherd,3/23/2023,33051
Chai,Havanese,3/26/2023,
Hazel,Mix,3/26/2023,
Wry Bred,Doberman Pinscher,3/26/2023,
Machi,"Terrier, Rat",3/29/2023,35587
Titan,Australian Cattle Dog,3/29/2023,35553
Sydney,Shepherd,3/29/2023,35561
Ernie,"Chihuahua, Long Coat",3/29/2023,35573
Jett,"Terrier, Boston",3/29/2023,35569
Matilda,Terrier,3/29/2023,35575
Eddie,Argentine Dogo,3/29/2023,35592
Woody,"Retriever, Labrador",3/29/2023,35554
Basil (formerly Blossom),"Retriever, Golden",3/29/2023,35568
Wilson,"Mixed Breed, Large (over 44 lbs fully grown)",3/29/2023,35591
Leo,Maltese,3/29/2023,35586
Samara Taveras,"Retriever, Labrador",3/29/2023,35556
Leo,Shih Tzu,3/29/2023,35559
Koa,German Shepherd,3/29/2023,35570
Rosie,"Retriever, Golden",3/29/2023,35585
Mochi,"Poodle, Miniature",3/29/2023,35563
Louie,Shih Tzu,3/29/2023,35560
Paisley,Australian Shepherd,3/29/2023,35580
Lucy,Beagle,3/29/2023,35927
Pluto,"Terrier, American Staffordshire",3/29/2023,35576
Maisie,"Mixed Breed, Medium (up to 44 lbs fully grown)",3/29/2023,
Roux,Australian Kelpie,3/29/2023,35588
Pepper,Bernese Mountain Dog,3/29/2023,35550
Buster,"Mixed Breed, Large (over 44 lbs fully grown)",3/29/2023,35571
Beasley,"Terrier, American Staffordshire",3/29/2023,35574
Appa,Hound,3/29/2023,35579
Bale,"Retriever, Labrador",3/29/2023,35565
Tucker,Bichon Frise,3/29/2023,35562
Zen,Mix,3/29/2023,35584
Jaden,"Terrier, Jack Russell",3/29/2023,35582
Esme (formerly Aubrey),Hound,3/29/2023,
Ozzy,"Retriever, Labrador",3/29/2023,35589
Jaxon,Shepherd,3/29/2023,35558
Zelda,Terrier,3/29/2023,35583
Saint,Doberman Pinscher,3/29/2023,35577
Bay,"Welsh Corgi, Pembroke",3/29/2023,35581
Ozzy Osborne Kaplan,Bernese Mountain Dog,3/29/2023,35551
Wren,"Mixed Breed, Large (over 44 lbs fully grown)",3/29/2023,35566
Chewie,"Retriever, Labrador",3/29/2023,35564
Penny,Brittany,3/29/2023,35572
Remy,Pointer,3/29/2023,35552
Roxy,"Mixed Breed, Small (under 24 lbs fully grown)",3/29/2023,35549
Frankie,"Mixed Breed, Medium (up to 44 lbs fully grown)",3/29/2023,35567
Abbie,"Terrier, Tibetan",3/29/2023,35555
Hazel,"Retriever, Labrador",3/29/2023,35578
Harvey,Beagle,3/30/2023,35546
Zero Mochi-Lee Starks,"Mixed Breed, Medium (up to 44 lbs fully grown)",3/30/2023,35548
Mary,"Mixed Breed, Medium (up to 44 lbs fully grown)",3/30/2023,
Maggie,Greyhound,3/30/2023,35547
Bjorn,Siberian Husky,3/31/2023,35544
Pola,Retriever,3/31/2023,35543
Mango,Miniature Pinscher,3/31/2023,35545
Ziggy,"Terrier, Jack Russell",3/31/2023,35542
Lucy,Beagle,4/3/2023,31588
Goldie,"Retriever, Golden",4/3/2023,
Joey,"Mixed Breed, Large (over 44 lbs fully grown)",4/3/2023,
Pemberley,"Retriever, Labrador",4/3/2023,
Boomerang,Mastiff,4/3/2023,
Oscar,Beagle,4/3/2023,
Dolly Mooney,Pointer,4/3/2023,
Manchego,"Mixed Breed, Small (under 24 lbs fully grown)",4/4/2023,
Buddy,Shih Tzu,4/4/2023,
Rocco,Beagle,4/4/2023,
Quilla,Terrier,4/4/2023,
Pearl,"Mixed Breed, Large (over 44 lbs fully grown)",4/4/2023,
sully,Rottweiler,4/4/2023,31185
Marnie,Portuguese Water Dog,4/5/2023,35031
Stella,"Schnauzer, Miniature",4/5/2023,35534
Butler (formerly Viktor),Australian Shepherd,4/5/2023,35535
Bello,Chihuahua,4/5/2023,35538
Bentley,"Terrier, American Staffordshire",4/5/2023,35540
Sisig,Beagle,4/5/2023,35533
Checker,"Bulldog, English",4/5/2023,35536
Partridge,Terrier,4/5/2023,35541
Woodley,Old English Sheepdog,4/5/2023,
Rhino,"Coonhound, Black and Tan",4/5/2023,36175
Bodhi (formerly known as Boo),"Mixed Breed, Medium (up to 44 lbs fully grown)",4/5/2023,
Equiano Mordecai Barnes-Driskell,"Schnauzer, Miniature",4/5/2023,35537
Sugar (was called Ivy at Shelter before we rescued her),Beagle,4/5/2023,35532
Buna,"Retriever, Golden",4/5/2023,35539
Baxter,"Mixed Breed, Large (over 44 lbs fully grown)",4/6/2023,35527
Paco,"Mixed Breed, Large (over 44 lbs fully grown)",4/6/2023,35530
Pinda,"Dachshund, Miniature Smooth Haired",4/6/2023,33157
Moose,"Retriever, Labrador",4/6/2023,35526
Bruce,Boxer,4/6/2023,35529
Hendrix,Mix,4/6/2023,35531
Chop Lewis,Mix,4/6/2023,35528
Rosie,Australian Cattle Dog,4/7/2023,35523
Holly,"Mixed Breed, Medium (up to 44 lbs fully grown)",4/7/2023,35525
La Sheila Sapphire Centeno,Xoloitzcuintli,4/7/2023,35521
Suzie,Beagle,4/7/2023,
Pickles,"Spaniel, Cavalier King Charles",4/7/2023,35522
Winston,"Poodle, Standard",4/7/2023,
Bonnie,Havanese,4/7/2023,33116
Roci,"Poodle, Standard",4/7/2023,35524
Luna,Retriever,4/7/2023,35520
Hazel,"Bulldog, French",4/7/2023,
Harper,Shih Tzu,4/10/2023,33221
Daisy,"Mixed Breed, Medium (up to 44 lbs fully grown)",4/10/2023,
Mitch,Feist,4/10/2023,34399
Apollo,"Coonhound, Black and Tan",4/10/2023,
Tucker,"Retriever, Flat-Coated",4/12/2023,35519
Franklin,"Retriever, Labrador",4/12/2023,35502
Otto,"Dachshund, Miniature Smooth Haired",4/12/2023,35516
Rosie,"Vizsla, Smooth Haired",4/12/2023,35513
Hazel,"Retriever, Labrador",4/12/2023,35503
Bella,Shih Tzu,4/12/2023,35508
Quinn,Mix,4/12/2023,35509
Loca,"Terrier, American Pit Bull",4/12/2023,35512
Bat,Italian Greyhound,4/12/2023,35505
Tyson,"Terrier, Pit Bull",4/12/2023,36999
Lou,Shiloh Shepherd,4/12/2023,35501
Josie,Mix,4/12/2023,
Stella,Chihuahua,4/12/2023,35517
Polo,"Poodle, Standard",4/12/2023,35511
Susie Surprise,"Terrier, Australian",4/12/2023,35515
Roo,Australian Cattle Dog,4/12/2023,35507
Arthur,Bernese Mountain Dog,4/12/2023,37000
Ringo,Alaskan Malamute,4/12/2023,36997
Benji,Beagle,4/12/2023,35514
Pearl,Border Collie,4/12/2023,36998
Zoe Scout,"Schnauzer, Miniature",4/12/2023,35506
Ladybird,Xoloitzcuintli,4/12/2023,35504
Heidi,Pomeranian,4/12/2023,35518
Skittles,Hound,4/12/2023,
Zilla,Shiba Inu,4/12/2023,35510
Tux,Portuguese Water Dog,4/13/2023,36991
Amendoim,Havanese,4/13/2023,36995
Winnie,Boxer,4/13/2023,36993
Luna,"Mixed Breed, Medium (up to 44 lbs fully grown)",4/13/2023,33059
Collins Demarcus Alonzo Patterson - Ahouangonou,"Retriever, Labrador",4/13/2023,36992
Alta (fka Stella),Shepherd,4/13/2023,36996
BELLY,"Mixed Breed, Small (under 24 lbs fully grown)",4/13/2023,36994
Dak,"Bulldog, French",4/14/2023,29553
Charlie,Greater Swiss Mountain Dog,4/14/2023,
Milkshake,"Mixed Breed, Large (over 44 lbs fully grown)",4/14/2023,36989
Tara,Beagle,4/14/2023,
Rio,Great Pyrenees,4/14/2023,33714
Missy,"Terrier, Jack Russell",4/14/2023,
Gem,"Terrier, American Staffordshire",4/14/2023,33121
Tanner,Shepherd,4/14/2023,
Remi Chevalier-Theiss,"Spaniel, Cavalier King Charles",4/17/2023,
Biscuit,"Terrier, Rat",4/17/2023,
MAYA,Doberman Pinscher,4/19/2023,36985
Obi-Wan Kedoodle,"Poodle, Miniature",4/19/2023,36975
Lorenzo Patrick,"Welsh Corgi, Pembroke",4/19/2023,36987
Buddy,Beagle,4/19/2023,36986
Rouge,"Retriever, Labrador",4/19/2023,36974
Sadaharu,"Mixed Breed, Large (over 44 lbs fully grown)",4/19/2023,
Newman,"Spaniel, English Springer",4/19/2023,36982
Crispin's Crispian,"Schnauzer, Standard",4/19/2023,36981
LUCHA  Dellaporta,"Poodle, Standard",4/19/2023,36980
Remy,"Terrier, American Staffordshire",4/19/2023,36973
Sookie,"Retriever, Labrador",4/19/2023,36979
Remy,Boxer,4/19/2023,36983
Shadow,"Retriever, Labrador",4/19/2023,36978
Honey,Feist,4/19/2023,36988
Artie,"Retriever, Nova Scotia Duck Tolling",4/19/2023,36984
Beau,"Poodle, Toy",4/19/2023,36976
Hailey,German Shepherd,4/19/2023,36977
Daisy Boo,"Mixed Breed, Medium (up to 44 lbs fully grown)",4/19/2023,
Shadow,"Spaniel, American Cocker",4/19/2023,
Polly,"Mixed Breed, Large (over 44 lbs fully grown)",4/19/2023,
Hayden,Korean Jindo,4/20/2023,36971
Otto,"Retriever, Golden",4/20/2023,36990
Jessie,"Retriever, Labrador",4/20/2023,36972
Sawyer,"Retriever, Golden",4/20/2023,36970
Charlie,Shih Tzu,4/20/2023,36968
Sammy,Beagle,4/20/2023,
Soleil,Australian Shepherd,4/20/2023,
Finn,"Retriever, Golden",4/20/2023,36969
Colby,Border Collie,4/21/2023,31321
Pancake,Shiba Inu,4/21/2023,
Maeve,"Spaniel, Cavalier King Charles",4/21/2023,36966
LUCY,Chihuahua,4/21/2023,36967
Sky,"Mixed Breed, Large (over 44 lbs fully grown)",4/21/2023,36964
Finnegan,Beagle,4/21/2023,36961
Georgie,"Spaniel, Cavalier King Charles",4/21/2023,36965
Thaddeus (Teddy) (formerly known as Sam),Doberman Pinscher,4/23/2023,
Clancy,Maltese,4/23/2023,
Bailey,"Spaniel, English Cocker",4/23/2023,
BG Cruz,Siberian Husky,4/24/2023,25086
Chloe,"Foxhound, American",4/24/2023,
Layla Cruz,Siberian Husky,4/24/2023,27770
Dory Cobb-Jackson,"Mixed Breed, Small (under 24 lbs fully grown)",4/24/2023,
LOUIE,Terrier,4/25/2023,
Nola,"Terrier, Pit Bull",4/26/2023,36959
Norman,Feist,4/26/2023,36955
Scooter,"Retriever, Golden",4/26/2023,33198
Alma,Siberian Husky,4/26/2023,36946
Denali,Australian Shepherd,4/26/2023,36963
Peaches,Great Dane,4/26/2023,36962
Iggy,"Mixed Breed, Medium (up to 44 lbs fully grown)",4/26/2023,36960
Taz,Papillon,4/26/2023,
Bija,Belgian Tervuren,4/26/2023,36942
Dionn,"Terrier, American Pit Bull",4/26/2023,36949
Daffodil,Australian Cattle Dog,4/26/2023,36954
Angus,"Terrier, Scottish",4/26/2023,36944
ACE,"Terrier, English Staffordshire",4/26/2023,36948
Mookie,Shih Tzu,4/26/2023,36950
Marla Hooch,"Mixed Breed, Medium (up to 44 lbs fully grown)",4/26/2023,
Artemis,Dutch Shepherd,4/26/2023,36947
Dugan,"Mixed Breed, Large (over 44 lbs fully grown)",4/26/2023,
Quincy,"Terrier, Boston",4/26/2023,36957
Lily,Korean Jindo,4/26/2023,
Issa,Mix,4/26/2023,36958
Lyra,"Bulldog, French",4/26/2023,36956
Trenton,Beagle,4/26/2023,36951
Athena,Siberian Husky,4/26/2023,33530
Blossom,"Terrier, American Pit Bull",4/26/2023,36945
Chester,Beagle,4/26/2023,
Rocky,Retriever,4/26/2023,36952
Woody,"Retriever, Golden",4/26/2023,36953
Milo (formerly Duke),"Retriever, Labrador",4/26/2023,36943
Gizmo,Chihuahua,4/27/2023,25556
Chewie,"Retriever, Labrador",4/27/2023,36937
Bryce,Border Collie,4/27/2023,36936
Raspberry,Irish Wolfhound,4/27/2023,36939
Tai,Terrier,4/27/2023,
Paw Paw,Australian Cattle Dog,4/27/2023,36938
Migo (aka Johnny B. Goode - adoption agency name),"Retriever, Labrador",4/27/2023,36934
Luxanna,"Retriever, Labrador",4/27/2023,36940
Paw Paw,"Terrier, Pit Bull",4/27/2023,36935
Sadie,"Retriever, Golden",4/27/2023,36941
Salvatore (Sal) Pecorino Carter,"Terrier, Pit Bull",4/28/2023,36928
Scout,"Poodle, Standard",4/28/2023,36930
Sadie,Catahoula Leopard dog,4/28/2023,33527
Brendan II,"Retriever, Flat-Coated",4/28/2023,
Mimi (Sneepee),Chihuahua,4/28/2023,34452
Piglet,"Mixed Breed, Medium (up to 44 lbs fully grown)",4/28/2023,36929
Šúnka,Mix,4/28/2023,36933
Clover,"Terrier, Pit Bull",4/28/2023,36932
Oliver,Chihuahua,4/28/2023,34451
Darcy,Olde English Bulldogge,4/30/2023,
Juneau,"Welsh Corgi, Pembroke",4/30/2023,
Buddy,German Shepherd,4/30/2023,
Angel,"Mixed Breed, Large (over 44 lbs fully grown)",4/30/2023,
Sally,"Mixed Breed, Large (over 44 lbs fully grown)",4/30/2023,
Olive,Shih Tzu,4/30/2023,
Spot,Bulldog,5/1/2023,
Bijilo,Belgian Malinois,5/1/2023,
Cooper,"Retriever, Golden",5/2/2023,33701
Maxine or Maxi,"Retriever, Labrador",5/2/2023,
Lincoln,"Retriever, Golden",5/3/2023,36912
Marla,German Shepherd,5/3/2023,36920
Layla,"Mixed Breed, Large (over 44 lbs fully grown)",5/3/2023,36926
Snickers,Beagle,5/3/2023,36921
Ricola,"Retriever, Golden",5/3/2023,36923
Zuli,Australian Shepherd,5/3/2023,36925
Dot,Karelian Bear Dog,5/3/2023,36918
Lacie,"Retriever, Labrador",5/3/2023,36914
Olive,Beagle,5/3/2023,36916
Perry,Retriever,5/3/2023,36911
Pearl (formerly Maddy at rescue org),"Retriever, Labrador",5/3/2023,36924
Mochi,Boxer,5/3/2023,
Ometz Lev,Feist,5/3/2023,36931
Gadget,Mix,5/3/2023,36915
Julee,Australian Cattle Dog,5/3/2023,36913
Gifford (FKA Blue),German Shepherd,5/3/2023,36917
Gracie (called Mamie by rescue org),"Foxhound, American",5/3/2023,36919
Harry,Basenji,5/3/2023,
Tucker,"Retriever, Golden",5/3/2023,36922
Joy,"Terrier, Rat",5/3/2023,36927
Penny,"Retriever, Labrador",5/4/2023,
Evie,Bulldog,5/4/2023,
Zesty,"Terrier, Fox, Wire",5/4/2023,
Ike,"Terrier, Cairn",5/4/2023,
Teddy,"Spaniel, English Cocker",5/4/2023,
Ramona,"Retriever, Labrador",5/4/2023,36910
Nena,Terrier,5/4/2023,36909
Parsley,Terrier,5/5/2023,36902
Sunny,Chihuahua,5/5/2023,33531
Lola,"Bulldog, French",5/5/2023,36903
Foxy,Australian Shepherd,5/5/2023,33535
Trinity,Basenji,5/7/2023,34354
Venus Williams,Basenji,5/7/2023,34355
Ranger,Border Collie,5/8/2023,
Truffle,"Mixed Breed, Medium (up to 44 lbs fully grown)",5/8/2023,
Nina,Beagle,5/9/2023,
Zorro,"Terrier, Bull",5/9/2023,
Reba,Bernese Mountain Dog,5/10/2023,36805
Kozmo (Re-homed Dog formally Cosmo),Rhodesian Ridgeback,5/10/2023,36802
Boudreaux,"Mixed Breed, Large (over 44 lbs fully grown)",5/10/2023,
Ellie,"Welsh Corgi, Pembroke",5/10/2023,
Chloe,Boxer,5/10/2023,36804
Hazel,"Terrier, Jack Russell",5/10/2023,36806
Hudson,"Spaniel, English Springer",5/10/2023,36908
Mega,Olde English Bulldogge,5/10/2023,36906
Jed Bartlet,Portuguese Water Dog,5/10/2023,36904
Rigby,"Retriever, Golden",5/10/2023,36907
Hamilton,"Terrier, Boston",5/10/2023,36801
Poptart,Pointer,5/10/2023,36807
Anya Diamond (previously named Dipper),"Retriever, Labrador",5/10/2023,36905
Shasta,"Retriever, Labrador",5/10/2023,36808
Mavis,Basset Hound,5/10/2023,36803
Duke,Beagle,5/11/2023,
Zoey,Chihuahua,5/11/2023,
mcgee,Mix,5/11/2023,25380
Sailor,"Terrier, Pit Bull",5/11/2023,
Joanne,Boxer,5/11/2023,36811
Churro,"Spaniel, Cavalier King Charles",5/11/2023,36809
Bonnie,Bichon Frise,5/11/2023,36812
Milo,Border Collie,5/11/2023,36810
Moana,Feist,5/11/2023,33670
casino,Mix,5/11/2023,25384
Brooklyn Myers,"Mixed Breed, Large (over 44 lbs fully grown)",5/11/2023,25145
Stella,"Mixed Breed, Large (over 44 lbs fully grown)",5/12/2023,
Wilbur J Penn,Great Dane,5/12/2023,36818
Bruce Loftus,"Mixed Breed, Large (over 44 lbs fully grown)",5/12/2023,36813
Stella,"Mixed Breed, Medium (up to 44 lbs fully grown)",5/12/2023,36816
Riley,"Terrier, American Staffordshire",5/12/2023,36814
Gucci,Shih Tzu,5/12/2023,36815
Gibson,"Retriever, Labrador",5/12/2023,
Blanche,"Mixed Breed, Large (over 44 lbs fully grown)",5/12/2023,
Milani,"Terrier, American Pit Bull",5/15/2023,
Scarlet,"Spaniel, American Cocker",5/15/2023,33679
Finney,Chihuahua,5/15/2023,
Theo,"Terrier, Cairn",5/15/2023,
Jasper Johns,Mix,5/15/2023,
Steinbeck,Chihuahua,5/16/2023,
Chaya Watkins,"Foxhound, American",5/16/2023,
Berkeley,"Retriever, Golden",5/17/2023,
Dobby,"Mixed Breed, Medium (up to 44 lbs fully grown)",5/18/2023,36824
Duchess,"Terrier, Staffordshire Bull",5/18/2023,36827
Sayde Schamis,German Shepherd,5/18/2023,36821
Oreo,"Schnauzer, Standard",5/18/2023,36826
Atticus,German Shepherd,5/18/2023,36831
Penny Lane,"Welsh Corgi, Pembroke",5/18/2023,36822
Bergy,Greyhound,5/18/2023,
Aska,"Poodle, Standard",5/18/2023,36825
Eiger,Entlebucher Mountain Dog,5/18/2023,36829
Sawyer,"Terrier, Jack Russell",5/18/2023,36830
Reuben,"Retriever, Golden",5/18/2023,36817
Deuce,"Coonhound, Treeing Walker",5/18/2023,36823
Tuukka Raskal,"Terrier, Pit Bull",5/18/2023,36833
Gizmo,"Bulldog, French",5/18/2023,36832
Karma,Feist,5/19/2023,
Beebee,"Dachshund, Standard Smooth Haired",5/21/2023,
Luna,"Retriever, Golden",5/21/2023,
Eevee,"Retriever, Golden",5/22/2023,33499
Lady McGruff,Chinese Crested,5/22/2023,
Boston,"Mixed Breed, Large (over 44 lbs fully grown)",5/22/2023,
Ella,"Mixed Breed, Small (under 24 lbs fully grown)",5/22/2023,36819
McGruff,Chinese Crested,5/22/2023,
Luna,"Retriever, Labrador",5/23/2023,33794
Bali,Old English Sheepdog,5/24/2023,36847
Rolo,"Poodle, Standard",5/24/2023,36843
Ru,Kangal,5/24/2023,13615
Matilda,"Retriever, Labrador",5/24/2023,36852
Meiko,"Terrier, Pit Bull",5/24/2023,
Sister,"Poodle, Miniature",5/24/2023,36836
Blue,"Retriever, Labrador",5/24/2023,36844
Marley,Retriever,5/24/2023,36838
Leif,"Mixed Breed, Large (over 44 lbs fully grown)",5/24/2023,36850
Dee,Boxer,5/24/2023,36848
Zorro,Shiba Inu,5/24/2023,36837
Monkey,"Mixed Breed, Medium (up to 44 lbs fully grown)",5/24/2023,36835
Gretl,"Dachshund, Miniature Wire Haired",5/24/2023,36845
Lilac Gin,"Terrier, American Pit Bull",5/24/2023,28309
Otis,Basset Hound,5/24/2023,36846
Lucy,"Retriever, Labrador",5/24/2023,36851
Fennec,Shepherd,5/24/2023,36834
Kiwi,"Australian Shepherd, Miniature",5/24/2023,36839
Lake,"Retriever, Labrador",5/24/2023,36840
Hobart,"Mixed Breed, Large (over 44 lbs fully grown)",5/24/2023,36842
Marmite,"Retriever, Labrador",5/24/2023,36841
Finnley,Greyhound,5/24/2023,36849
Bailey,German Shepherd,5/25/2023,36855
Mookie,"Mixed Breed, Medium (up to 44 lbs fully grown)",5/25/2023,33567
Padfoot (ESA but service dog in training),Mix,5/25/2023,36854
Luna,"Retriever, Labrador",5/25/2023,36853
Bo,Chihuahua,5/26/2023,36856
Ricky,Terrier,5/26/2023,36857
Diamond,"Mixed Breed, Large (over 44 lbs fully grown)",5/28/2023,
Kilo,"Retriever, Labrador",5/28/2023,33750
Thea,"Retriever, Labrador",5/29/2023,
Shamrock,"Mixed Breed, Small (under 24 lbs fully grown)",5/29/2023,
Hudson,"Mixed Breed, Large (over 44 lbs fully grown)",5/30/2023,29183
Cheddar,"Retriever, Labrador",5/30/2023,
Pinky,"Bulldog, French",5/31/2023,36859
Munchkin,"Mixed Breed, Medium (up to 44 lbs fully grown)",5/31/2023,36868
Lena,Havanese,5/31/2023,36863
Beau,"Brittany, French",5/31/2023,36867
Milo Jefferson,Anatolian Shepherd,5/31/2023,36865
Kiko,Havanese,5/31/2023,36861
Lily,Mix,5/31/2023,36862
Laika,"Australian Shepherd, Miniature",5/31/2023,36860
Katsu,German Shepherd,5/31/2023,36866
Goose,"Retriever, Golden",5/31/2023,36864
Maverick Rabalac Coward,Shih Tzu,5/31/2023,
Asai,Havanese,6/1/2023,36872
Ginger Froufrou,Pomeranian,6/1/2023,36873
Mazi,Beagle,6/1/2023,36870
Daryl (formerly known as Sprout),"Mixed Breed, Large (over 44 lbs fully grown)",6/1/2023,36869
Azula,Greater Swiss Mountain Dog,6/1/2023,36874
Jessie,"Mixed Breed, Medium (up to 44 lbs fully grown)",6/1/2023,36871
Hagrid,Terrier,6/2/2023,36876
lola,"Terrier, West Highland White",6/2/2023,36879
Kiké,Beagle,6/2/2023,36880
Ryder,Mix,6/2/2023,36881
Pru,Terrier,6/2/2023,36878
Maggie,Hound,6/2/2023,36875
Bailey,"Welsh Corgi, Pembroke",6/2/2023,
Wilbur,"Mixed Breed, Medium (up to 44 lbs fully grown)",6/2/2023,36877
Shakespeare,Mix,6/5/2023,
Magnolia,"Retriever, Golden",6/5/2023,
Milo,"Welsh Corgi, Pembroke",6/5/2023,22432
Orion Warrior King Ortiz,"Spaniel, English Cocker",6/5/2023,
Yoshi,Belgian Malinois,6/5/2023,
King,Shih Tzu,6/5/2023,
Penelope,"Welsh Corgi, Pembroke",6/5/2023,22431
Levi,"Terrier, American Staffordshire",6/5/2023,
Phoenix,"Terrier, American Staffordshire",6/5/2023,
Chip,"Mixed Breed, Medium (up to 44 lbs fully grown)",6/5/2023,
Gunther,German Shepherd,6/5/2023,
Blossom,"Poodle, Miniature",6/6/2023,
Lily,"Spaniel, American Cocker",6/6/2023,
Jinx Olson Jones,"Terrier, Pit Bull",6/6/2023,
Gracie Mae,"Spaniel, American Cocker",6/6/2023,
Honey,Boxer,6/6/2023,
Riley,Beagle,6/7/2023,36700
Gus,"Terrier, Pit Bull",6/7/2023,36891
Waffle,Bichon Frise,6/7/2023,36889
Brownie,"Mixed Breed, Large (over 44 lbs fully grown)",6/7/2023,36882
Ghost,Samoyed,6/7/2023,36697
Muxen A. Millón,Australian Shepherd,6/7/2023,36899
Sir Kenobi,Mix,6/7/2023,36897
Lupe,Pug,6/7/2023,36894
Mack,"Spaniel, Welsh Springer",6/7/2023,36698
Libby,"Poodle, Standard",6/7/2023,33791
Jasmine,"Bulldog, French",6/7/2023,36887
Beau,"Retriever, Labrador",6/7/2023,36895
Percy,Australian Cattle Dog,6/7/2023,36900
Winny,Greyhound,6/7/2023,33835
Fitzgerald (Fitz),"Bulldog, French",6/7/2023,36893
Ziggy,"Terrier, Boston",6/7/2023,36883
Jax,Siberian Husky,6/7/2023,36888
Jordan,"Retriever, Labrador",6/7/2023,36885
Koda,"Retriever, Golden",6/7/2023,36892
Harper,Anatolian Shepherd,6/7/2023,36898
Nacho,"Bulldog, French",6/7/2023,36884
Ruby,"Spaniel, Cavalier King Charles",6/7/2023,36896
Bella Pauline,"Spaniel, Cavalier King Charles",6/7/2023,36886
Artemus,Maltese,6/7/2023,36890
Josie,Retriever,6/8/2023,36694
Sela,"Coonhound, Treeing Walker",6/8/2023,36693
Selena,"Retriever, Golden",6/8/2023,36695
Rosie,"Chihuahua, Short Coat",6/8/2023,28952
Hei Bai,Basenji,6/9/2023,36696
Bessie,German Shepherd,6/9/2023,
Puma,"Retriever, Labrador",6/11/2023,
JayJ,Spaniel,6/12/2023,
Fargo,Beagle,6/12/2023,1370
Lulu,"Dachshund, Miniature Smooth Haired",6/12/2023,
Cabo,Plott Hound,6/12/2023,
zazo,German Shepherd,6/13/2023,36699
Dottie,Chihuahua,6/13/2023,33634
Riley,"Poodle, Standard",6/14/2023,25052
Bando,German Shepherd,6/14/2023,36681
Ponyo,Spaniel,6/14/2023,36687
Kiki,Spaniel,6/14/2023,36692
Percy,"Mixed Breed, Medium (up to 44 lbs fully grown)",6/14/2023,36690
Heimdall,Korean Jindo,6/14/2023,36677
Sky,"Schnauzer, Standard",6/14/2023,36684
Carter,"Welsh Corgi, Cardigan",6/14/2023,36679
Nellie Peterson Abraham,"Terrier, Jack Russell",6/14/2023,36678
Toby Busbee,Beagle,6/14/2023,36680
Midnight,Mastiff,6/14/2023,36683
Milo,"Schnauzer, Miniature",6/14/2023,36682
Rylee,Retriever,6/14/2023,36676
Sophie,Terrier,6/14/2023,36685
Comet,"Terrier, Rat",6/14/2023,36675
Maple,Shepherd,6/14/2023,36691
Schatzi,German Shepherd,6/14/2023,36686
Bagel,"Bulldog, French",6/14/2023,36688
Phoebe,German Shepherd,6/14/2023,36689
Figo,Portuguese Water Dog,6/15/2023,
Max,"Vizsla, Wire Haired",6/15/2023,36671
Gimli,"Mixed Breed, Small (under 24 lbs fully grown)",6/15/2023,36668
Louis,"Terrier, Boston",6/15/2023,36670
Burt,"Schnauzer, Miniature",6/15/2023,36674
Cocoa,Chihuahua,6/15/2023,36669
Daisy,"Spaniel, American Cocker",6/15/2023,36672
Babar Milo,"Poodle, Miniature",6/15/2023,36667
Waterfall,Samoyed,6/15/2023,36673
Scooby,"Retriever, Labrador",6/15/2023,36666
Rogan,"Spaniel, Cavalier King Charles",6/15/2023,
Bristow,"Terrier, Pit Bull",6/16/2023,36665
Lana,Spaniel,6/16/2023,
Zeke,"Bulldog, French",6/16/2023,36664
Mia,"Terrier, Staffordshire Bull",6/16/2023,36662
Chewie,"Spaniel, English Cocker",6/16/2023,36663
Abby,Australian Cattle Dog,6/19/2023,
Hayden,"Mixed Breed, Large (over 44 lbs fully grown)",6/19/2023,
Roscoe,"Retriever, Labrador",6/19/2023,
Bernie,"Mixed Breed, Large (over 44 lbs fully grown)",6/19/2023,
Mikey,"Mixed Breed, Large (over 44 lbs fully grown)",6/19/2023,
Leo Wolf,"Welsh Corgi, Pembroke",6/19/2023,35339
Randy,German Shepherd,6/19/2023,
Petal,"Poodle, Standard",6/19/2023,
Leya,Shepherd,6/20/2023,33720
Lou,"Mixed Breed, Large (over 44 lbs fully grown)",6/21/2023,36649
Roy,"Mixed Breed, Small (under 24 lbs fully grown)",6/21/2023,36652
Penny Eclair,Retriever,6/21/2023,36660
Koa Ke Kai,"Retriever, Labrador",6/21/2023,36661
Bogie,"Welsh Corgi, Pembroke",6/21/2023,36650
Ruby,"Australian Shepherd, Miniature",6/21/2023,36657
Samson,Chihuahua,6/21/2023,36646
Castaña,"Mixed Breed, Small (under 24 lbs fully grown)",6/21/2023,36647
Rosie,"Spaniel, Welsh Springer",6/21/2023,36651
Maple,"Mixed Breed, Large (over 44 lbs fully grown)",6/21/2023,36655
Papa Smurf,Saint Bernard,6/21/2023,36654
Birdie,"Mixed Breed, Medium (up to 44 lbs fully grown)",6/21/2023,36656
Teddy,"Poodle, Standard",6/21/2023,36659
Dylan,"Retriever, Labrador",6/21/2023,36658
Phoebe,Border Collie,6/21/2023,36653
Kashi,"Mixed Breed, Small (under 24 lbs fully grown)",6/21/2023,36648
Lara,German Shepherd,6/22/2023,23078
Rose,"Retriever, Labrador",6/22/2023,
Calla Bishop,Weimaraner,6/22/2023,36645
Juniper,Chihuahua,6/22/2023,
Sunset,"Retriever, Labrador",6/22/2023,
Oreo Bishop,Border Collie,6/22/2023,36644
Nola,Cane Corso,6/22/2023,23079
Sophie,"Retriever, Labrador",6/22/2023,36643
Rizzo,Papillon,6/22/2023,23080
Gromit,"Poodle, Toy",6/23/2023,36642
Bolt,Doberman Pinscher,6/23/2023,36639
Milo,Border Collie,6/23/2023,36640
Charles,English Shepherd,6/23/2023,
Suki,"Australian Shepherd, Miniature",6/23/2023,
Layla,Beagle,6/23/2023,34392
Oaky,Pomeranian,6/23/2023,36641
Mandu,Boxer,6/25/2023,
Abe,Beagle,6/25/2023,
Buddy,Chihuahua,6/25/2023,
Sadie,"Retriever, Labrador",6/25/2023,
Katie,Australian Shepherd,6/25/2023,
Charlie,Shepherd,6/25/2023,33787
Chummy,"Poodle, Miniature",6/25/2023,
Luca,"Vizsla, Smooth Haired",6/26/2023,
Ella,"Mixed Breed, Small (under 24 lbs fully grown)",6/27/2023,
ZUMA,German Shepherd,6/27/2023,
Winnie,"Retriever, Golden",6/27/2023,
Lomachenko,"Mixed Breed, Medium (up to 44 lbs fully grown)",6/28/2023,36621
Cash Dongmo,Lancashire Heeler,6/28/2023,36636
Manja,"Mixed Breed, Medium (up to 44 lbs fully grown)",6/28/2023,36632
Luna,Boxer,6/28/2023,36628
Roo,"Australian Shepherd, Miniature",6/28/2023,36630
Phil,Chihuahua,6/28/2023,29237
Charlie (Jack),"Foxhound, American",6/28/2023,36633
Ziggy,"Dachshund, Miniature Long Haired",6/28/2023,36638
Nash Stone Dutter,"Retriever, Labrador",6/28/2023,36622
Barney,"Coonhound, Treeing Walker",6/28/2023,36623
Ding Dong (Alex),Australian Cattle Dog,6/28/2023,36634
Puck Flash,"Poodle, Miniature",6/28/2023,36627
Milo,Beagle,6/28/2023,36626
Rhea,Border Collie,6/28/2023,36635
Louise (Name on papers is Rushview Riot),Greyhound,6/28/2023,36625
Finnegan,"Schnauzer, Miniature",6/28/2023,36637
Cru,Shepherd,6/28/2023,36624
Birkin The Dog,Anatolian Shepherd,6/28/2023,
Archie Keena,"Collie, Smooth",6/28/2023,36631
Rusty,"Mixed Breed, Small (under 24 lbs fully grown)",6/28/2023,36629
Daenerys,Great Dane,6/28/2023,
Jasmine,"Terrier, Staffordshire Bull",6/29/2023,36620
Karma,Beauceron,6/29/2023,36618
Rodham,"Mixed Breed, Medium (up to 44 lbs fully grown)",6/29/2023,36619
Micah,Whippet,6/29/2023,36617
Lila Ventura Majano,"Chihuahua, Short Coat",6/29/2023,36615
Nash,"Mixed Breed, Large (over 44 lbs fully grown)",6/29/2023,36616
Taffy,Pug,6/29/2023,
Daimy Ventura Majano,"Chihuahua, Long Coat",6/29/2023,36614
Sprout,Border Collie,6/30/2023,
Knox,"Schnauzer, Miniature",6/30/2023,